{"cameraMode":{"drawMode":0,"name":"Shaded","section":"Shading Mode"},"sceneLighting":true,"audioPlay":false,"sceneViewState":{"showFog":true,"showMaterialUpdate":false,"showSkybox":true,"showFlares":true,"showImageEffects":true,"showParticleSystems":true},"in2DMode":false,"pivot":{"x":-2.0036189556121828,"y":5.215783596038818,"z":-0.22780752182006837},"rotation":{"x":0.0016920630587264896,"y":0.9266018271446228,"z":-0.3760188817977905,"w":0.004169691354036331},"size":22.50572395324707,"orthographic":false}